date,cum_diagnoses,cum_deaths
2020-01-20,1.0,0.0
2020-01-21,1.0,0.0
2020-01-22,1.0,0.0
2020-01-23,1.0,0.0
2020-01-24,2.0,0.0
2020-01-25,2.0,0.0
2020-01-26,3.0,0.0
2020-01-27,4.0,0.0
2020-01-28,4.0,0.0
2020-01-29,4.0,0.0
2020-01-30,7.0,0.0
2020-01-31,11.0,0.0
2020-02-01,12.0,0.0
2020-02-02,15.0,0.0
2020-02-03,15.0,0.0
2020-02-04,16.0,0.0
2020-02-05,21.0,0.0
2020-02-06,24.0,0.0
2020-02-07,24.0,0.0
2020-02-08,24.0,0.0
2020-02-09,27.0,0.0
2020-02-10,28.0,0.0
2020-02-11,28.0,0.0
2020-02-12,28.0,0.0
2020-02-13,28.0,0.0
2020-02-14,28.0,0.0
2020-02-15,28.0,0.0
2020-02-16,30.0,0.0
2020-02-17,30.0,0.0
2020-02-18,32.0,0.0
2020-02-19,66.0,0.0
2020-02-20,82.0,1.0
2020-02-21,156.0,1.0
2020-02-22,346.0,3.0
2020-02-23,556.0,3.0
2020-02-24,763.0,7.0
2020-02-25,893.0,8.0
2020-02-26,1146.0,10.0
2020-02-27,1595.0,11.0
2020-02-28,2022.0,12.0
2020-02-29,2931.0,15.0
2020-03-01,3526.0,16.0
2020-03-02,4212.0,22.0
2020-03-03,4812.0,27.0
2020-03-04,5328.0,31.0
2020-03-05,5766.0,34.0
2020-03-06,6284.0,41.0
2020-03-07,6767.0,43.0
2020-03-08,7134.0,49.0
2020-03-09,7382.0,50.0
2020-03-10,7513.0,53.0
2020-03-11,7755.0,59.0
2020-03-12,7869.0,65.0
2020-03-13,7979.0,66.0
2020-03-14,8086.0,71.0
2020-03-15,8162.0,74.0
2020-03-16,8236.0,74.0
2020-03-17,8320.0,80.0
2020-03-18,8413.0,83.0
2020-03-19,8565.0,90.0
2020-03-20,8652.0,93.0
2020-03-21,8799.0,101.0
2020-03-22,8897.0,103.0
2020-03-23,8961.0,110.0
2020-03-24,9037.0,119.0
2020-03-25,9137.0,125.0
2020-03-26,9241.0,130.0
2020-03-27,9332.0,138.0
2020-03-28,9478.0,143.0
2020-03-29,9583.0,151.0
2020-03-30,9661.0,157.0
2020-03-31,9786.0,161.0
2020-04-01,9887.0,164.0
2020-04-02,9976.0,168.0
2020-04-03,10062.0,173.0
2020-04-04,10156.0,176.0
2020-04-05,10237.0,182.0
2020-04-06,10284.0,184.0
2020-04-07,10331.0,190.0
2020-04-08,10384.0,197.0
2020-04-09,10423.0,201.0
2020-04-10,10450.0,205.0
2020-04-11,10480.0,208.0
2020-04-12,10512.0,211.0
2020-04-13,10537.0,214.0
2020-04-14,10564.0,219.0
2020-04-15,10591.0,222.0
2020-04-16,10613.0,226.0
2020-04-17,10635.0,227.0
2020-04-18,10653.0,229.0
2020-04-19,10661.0,231.0
2020-04-20,10674.0,233.0
2020-04-21,10683.0,234.0
2020-04-22,10694.0,235.0
2020-04-23,10702.0,237.0
2020-04-24,10708.0,237.0
2020-04-25,10718.0,237.0
2020-04-26,10728.0,239.0
2020-04-27,10738.0,240.0
2020-04-28,10752.0,241.0
2020-04-29,10761.0,243.0
2020-04-30,10765.0,244.0
2020-05-01,10774.0,245.0
2020-05-02,10780.0,247.0
2020-05-03,10793.0,247.0
2020-05-04,10801.0,249.0
2020-05-05,10804.0,251.0
2020-05-06,10806.0,252.0
2020-05-07,10810.0,253.0
2020-05-08,10822.0,253.0
2020-05-09,10840.0,253.0
2020-05-10,10874.0,253.0
2020-05-11,10909.0,253.0
2020-05-12,10936.0,255.0
2020-05-13,10962.0,256.0
2020-05-14,10991.0,257.0
2020-05-15,11018.0,257.0
2020-05-16,11037.0,259.0
2020-05-17,11050.0,259.0
2020-05-18,11065.0,260.0
2020-05-19,11078.0,260.0
2020-05-20,11110.0,260.0
2020-05-21,11122.0,261.0
2020-05-22,11142.0,261.0
2020-05-23,11165.0,263.0
2020-05-24,11190.0,263.0
2020-05-25,11206.0,264.0
2020-05-26,11225.0,266.0
2020-05-27,11265.0,266.0
2020-05-28,11344.0,266.0
2020-05-29,11402.0,266.0
2020-05-30,11441.0,266.0
2020-05-31,11468.0,267.0
2020-06-01,11503.0,268.0
2020-06-02,11541.0,269.0
2020-06-03,11590.0,270.0
2020-06-04,11629.0,270.0
2020-06-05,11668.0,270.0
2020-06-06,11719.0,270.0
2020-06-07,11776.0,270.0
2020-06-08,11813.0,270.0
2020-06-09,11851.0,271.0
2020-06-10,11901.0,273.0
2020-06-11,11946.0,273.0
2020-06-12,12002.0,274.0
2020-06-13,12050.0,274.0
2020-06-14,12084.0,274.0
2020-06-15,12121.0,274.0
2020-06-16,12155.0,275.0
2020-06-17,12198.0,276.0
2020-06-18,12257.0,277.0
2020-06-19,12306.0,277.0
2020-06-20,12373.0,277.0
2020-06-21,12421.0,277.0
2020-06-22,12438.0,277.0
2020-06-23,12484.0,278.0
2020-06-24,12535.0,278.0
2020-06-25,12563.0,279.0
2020-06-26,12602.0,279.0
2020-06-27,12653.0,279.0
2020-06-28,12715.0,279.0
2020-06-29,12757.0,279.0
2020-06-30,12799.0,279.0
2020-07-01,12850.0,279.0
2020-07-02,12904.0,279.0
2020-07-03,12965.0,279.0
2020-07-04,13028.0,280.0
2020-07-05,13089.0,280.0
2020-07-06,13137.0,281.0
2020-07-07,13181.0,282.0
2020-07-08,13243.0,282.0
2020-07-09,13293.0,284.0
2020-07-10,13338.0,285.0
2020-07-11,13373.0,285.0
2020-07-12,13417.0,286.0
2020-07-13,13479.0,286.0
2020-07-14,13512.0,286.0
2020-07-15,13551.0,286.0
2020-07-16,13612.0,287.0
2020-07-17,13672.0,289.0
2020-07-18,13711.0,290.0
2020-07-19,13745.0,291.0
2020-07-20,13771.0,292.0
2020-07-21,13816.0,292.0
2020-07-22,13879.0,293.0
2020-07-23,13938.0,293.0
2020-07-24,13979.0,294.0
2020-07-25,14092.0,294.0
2020-07-26,14150.0,294.0
2020-07-27,14175.0,295.0
2020-07-28,14203.0,296.0
2020-07-29,14251.0,296.0
2020-07-30,14269.0,296.0
2020-07-31,14305.0,297.0
2020-08-01,14336.0,297.0
2020-08-02,14366.0,297.0
2020-08-03,14389.0,297.0
2020-08-04,14423.0,297.0
2020-08-05,14456.0,298.0
2020-08-06,14499.0,298.0
2020-08-07,14519.0,299.0
2020-08-08,14562.0,300.0
2020-08-09,14598.0,301.0
2020-08-10,14626.0,301.0
2020-08-11,14660.0,301.0
2020-08-12,14714.0,301.0
2020-08-13,14770.0,301.0
2020-08-14,14873.0,301.0
2020-08-15,15039.0,301.0
2020-08-16,15318.0,301.0
2020-08-17,15515.0,301.0
2020-08-18,15761.0,302.0
2020-08-19,16058.0,302.0
2020-08-20,16346.0,303.0
2020-08-21,16670.0,305.0
2020-08-22,17002.0,305.0
2020-08-23,17398.0,305.0
2020-08-24,17664.0,305.0
2020-08-25,17944.0,306.0
2020-08-26,18264.0,308.0
2020-08-27,18705.0,309.0
2020-08-28,19076.0,312.0
2020-08-29,19399.0,317.0
2020-08-30,19698.0,319.0
2020-08-31,19946.0,320.0
2020-09-01,20181.0,320.0
2020-09-02,20448.0,322.0
2020-09-03,20643.0,325.0
2020-09-04,20841.0,327.0
2020-09-05,21009.0,329.0
2020-09-06,21176.0,330.0
2020-09-07,21295.0,332.0
2020-09-08,21431.0,337.0
2020-09-09,21587.0,340.0
2020-09-10,21742.0,342.0
2020-09-11,21918.0,346.0
2020-09-12,22054.0,351.0
2020-09-13,22175.0,354.0
2020-09-14,22284.0,359.0
2020-09-15,22390.0,362.0
2020-09-16,22503.0,362.0
2020-09-17,22656.0,367.0
2020-09-18,22782.0,372.0
2020-09-19,22892.0,373.0
2020-09-20,22974.0,378.0
2020-09-21,23044.0,380.0
2020-09-22,23105.0,383.0
2020-09-23,23215.0,383.0
2020-09-24,23340.0,388.0
2020-09-25,23454.0,390.0
2020-09-26,23515.0,394.0
2020-09-27,23610.0,396.0
2020-09-28,23660.0,401.0
2020-09-29,23698.0,402.0
2020-09-30,23811.0,408.0
2020-10-01,23888.0,410.0
2020-10-02,23951.0,411.0
2020-10-03,24026.0,415.0
2020-10-04,24090.0,416.0
2020-10-05,24163.0,417.0
2020-10-06,24238.0,417.0
2020-10-07,24352.0,420.0
2020-10-08,24421.0,422.0
2020-10-09,24475.0,423.0
2020-10-10,24547.0,425.0
2020-10-11,24605.0,427.0
2020-10-12,24703.0,428.0
2020-10-13,24794.0,429.0
2020-10-14,24878.0,433.0
2020-10-15,24988.0,434.0
2020-10-16,25035.0,436.0
2020-10-17,25108.0,438.0
2020-10-18,25199.0,439.0
2020-10-19,25275.0,439.0
2020-10-20,25333.0,442.0
2020-10-21,25422.0,445.0
2020-10-22,25543.0,448.0
2020-10-23,25698.0,450.0
2020-10-24,25775.0,452.0
2020-10-25,25836.0,452.0
2020-10-26,25955.0,452.0
2020-10-27,26043.0,455.0
2020-10-28,26146.0,456.0
2020-10-29,26271.0,457.0
2020-10-30,26384.0,458.0
2020-10-31,26511.0,459.0
2020-11-01,26635.0,461.0
2020-11-02,26732.0,463.0
2020-11-03,26807.0,467.0
2020-11-04,26924.0,469.0
2020-11-05,27049.0,470.0
2020-11-06,27194.0,471.0
2020-11-07,27283.0,472.0
2020-11-08,27426.0,473.0
2020-11-09,27552.0,475.0
2020-11-10,27652.0,479.0
2020-11-11,27797.0,481.0
2020-11-12,27940.0,481.0
2020-11-13,28131.0,482.0
2020-11-14,28336.0,486.0
2020-11-15,28544.0,487.0
2020-11-16,28766.0,488.0
2020-11-17,28996.0,488.0
2020-11-18,29281.0,490.0
2020-11-19,29606.0,492.0
2020-11-20,29954.0,494.0
2020-11-21,30340.0,496.0
2020-11-22,30670.0,498.0
2020-11-23,30941.0,502.0
2020-11-24,31290.0,503.0
2020-11-25,31672.0,506.0
2020-11-26,32253.0,508.0
2020-11-27,32808.0,509.0
2020-11-28,33311.0,515.0
2020-11-29,33761.0,516.0
2020-11-30,34199.0,518.0
2020-12-01,34650.0,518.0
2020-12-02,35161.0,518.0
2020-12-03,35701.0,521.0
2020-12-04,36329.0,528.0
2020-12-05,36906.0,531.0
2020-12-06,37537.0,536.0
2020-12-07,38152.0,540.0
2020-12-08,38739.0,543.0
2020-12-09,39409.0,547.0
2020-12-10,40088.0,555.0
2020-12-11,40777.0,563.0
2020-12-12,41727.0,569.0
2020-12-13,42757.0,571.0
2020-12-14,43475.0,578.0
2020-12-15,44354.0,591.0
2020-12-16,45432.0,603.0
2020-12-17,46445.0,625.0
2020-12-18,47509.0,636.0
2020-12-19,48554.0,650.0
2020-12-20,49650.0,665.0
2020-12-21,50574.0,689.0
2020-12-22,51440.0,712.0
2020-12-23,52530.0,729.0
2020-12-24,53515.0,746.0
2020-12-25,54755.0,763.0
2020-12-26,55886.0,783.0
2020-12-27,56856.0,798.0
2020-12-28,57662.0,809.0
2020-12-29,58705.0,849.0
2020-12-30,59755.0,869.0
2020-12-31,60722.0,890.0
2021-01-01,61749.0,907.0
2021-01-02,62569.0,932.0
2021-01-03,63226.0,952.0
2021-01-04,64246.0,971.0
2021-01-05,64960.0,997.0
2021-01-06,65798.0,1017.0
2021-01-07,66667.0,1036.0
2021-01-08,67341.0,1070.0
2021-01-09,67982.0,1089.0
2021-01-10,68639.0,1114.0
2021-01-11,69090.0,1129.0
2021-01-12,69627.0,1154.0
2021-01-13,70188.0,1174.0
2021-01-14,70712.0,1184.0
2021-01-15,71224.0,1205.0
2021-01-16,71804.0,1224.0
2021-01-17,72324.0,1237.0
2021-01-18,72713.0,1252.0
2021-01-19,73099.0,1271.0
2021-01-20,73503.0,1288.0
2021-01-21,73903.0,1304.0
2021-01-22,74249.0,1316.0
2021-01-23,74680.0,1325.0
2021-01-24,75072.0,1337.0
2021-01-25,75509.0,1348.0
2021-01-26,75858.0,1359.0
2021-01-27,76417.0,1366.0
2021-01-28,76914.0,1374.0
2021-01-29,77383.0,1387.0
2021-01-30,77839.0,1402.0
2021-01-31,78192.0,1408.0
2021-02-01,78497.0,1413.0
2021-02-02,78833.0,1423.0
2021-02-03,79300.0,1429.0
2021-02-04,79751.0,1436.0
2021-02-05,80121.0,1447.0
2021-02-06,80511.0,1452.0
2021-02-07,80882.0,1459.0
2021-02-08,81170.0,1462.0
2021-02-09,81473.0,1470.0
2021-02-10,81917.0,1474.0
2021-02-11,82421.0,1484.0
2021-02-12,82824.0,1495.0
2021-02-13,83186.0,1501.0
2021-02-14,83512.0,1509.0
2021-02-15,83855.0,1514.0
2021-02-16,84312.0,1521.0
2021-02-17,84933.0,1525.0
2021-02-18,85554.0,1531.0
2021-02-19,86115.0,1537.0
2021-02-20,86562.0,1540.0
2021-02-21,86978.0,1544.0
2021-02-22,87310.0,1549.0
2021-02-23,87666.0,1560.0
2021-02-24,88106.0,1563.0
2021-02-25,88501.0,1568.0
2021-02-26,88888.0,1572.0
2021-02-27,89303.0,1582.0
2021-02-28,89658.0,1590.0
2021-03-01,90013.0,1592.0
2021-03-02,90357.0,1593.0
2021-03-03,90801.0,1599.0
2021-03-04,91225.0,1606.0
2021-03-05,91623.0,1614.0
2021-03-06,92041.0,1619.0
2021-03-07,92457.0,1621.0
2021-03-08,92803.0,1629.0
2021-03-09,93249.0,1632.0
2021-03-10,93719.0,1635.0
2021-03-11,94184.0,1639.0
2021-03-12,94672.0,1648.0
2021-03-13,95162.0,1653.0
2021-03-14,95621.0,1655.0
2021-03-15,96000.0,1660.0
2021-03-16,96363.0,1663.0
2021-03-17,96832.0,1671.0
2021-03-18,97277.0,1673.0
2021-03-19,97740.0,1675.0
2021-03-20,98187.0,1678.0
2021-03-21,98643.0,1681.0
2021-03-22,99058.0,1682.0
2021-03-23,99404.0,1689.0
2021-03-24,99832.0,1692.0
2021-03-25,100262.0,1694.0
2021-03-26,100751.0,1701.0
2021-03-27,101256.0,1706.0
2021-03-28,101737.0,1706.0
2021-03-29,102119.0,1710.0
2021-03-30,102566.0,1713.0
2021-03-31,103072.0,1715.0
2021-04-01,103623.0,1719.0
2021-04-02,104180.0,1721.0
2021-04-03,104722.0,1723.0
2021-04-04,105265.0,1727.0
2021-04-05,105738.0,1731.0
2021-04-06,106215.0,1735.0
2021-04-07,106883.0,1739.0
2021-04-08,107583.0,1740.0
2021-04-09,108254.0,1746.0
2021-04-10,108931.0,1747.0
2021-04-11,109545.0,1750.0
2021-04-12,110132.0,1752.0
2021-04-13,110674.0,1757.0
2021-04-14,111405.0,1763.0
2021-04-15,112103.0,1769.0
2021-04-16,112776.0,1771.0
2021-04-17,113434.0,1775.0
2021-04-18,114105.0,1778.0
2021-04-19,114637.0,1782.0
2021-04-20,115186.0,1783.0
2021-04-21,115917.0,1786.0
2021-04-22,116652.0,1788.0
2021-04-23,117449.0,1791.0
2021-04-24,118234.0,1792.0
2021-04-25,118878.0,1793.0
2021-04-26,119377.0,1797.0
2021-04-27,119889.0,1800.0
2021-04-28,120658.0,1801.0
2021-04-29,121337.0,1805.0
2021-04-30,121998.0,1808.0
2021-05-01,122624.0,1811.0
2021-05-02,123230.0,1813.0
2021-05-03,123717.0,1814.0
2021-05-04,124258.0,1820.0
2021-05-05,124934.0,1827.0
2021-05-06,125508.0,1831.0
2021-05-07,126033.0,1840.0
2021-05-08,126734.0,1845.0
2021-05-09,127298.0,1854.0
2021-05-10,127761.0,1855.0
2021-05-11,128271.0,1859.0
2021-05-12,128905.0,1864.0
2021-05-13,129620.0,1869.0
2021-05-14,130367.0,1871.0
2021-05-15,131048.0,1874.0
2021-05-16,131658.0,1878.0
2021-05-17,132277.0,1881.0
2021-05-18,132805.0,1882.0
2021-05-19,133459.0,1890.0
2021-05-20,134105.0,1894.0
2021-05-21,134666.0,1900.0
2021-05-22,135332.0,1904.0
2021-05-23,135917.0,1909.0
2021-05-24,136447.0,1912.0
2021-05-25,136963.0,1916.0
2021-05-26,137668.0,1918.0
2021-05-27,138297.0,1921.0
2021-05-28,138884.0,1924.0
2021-05-29,139417.0,1929.0
2021-05-30,139897.0,1935.0
2021-05-31,140327.0,1937.0
2021-06-01,140786.0,1941.0
2021-06-02,141463.0,1943.0
2021-06-03,142144.0,1946.0
2021-06-04,142839.0,1947.0
2021-06-05,143583.0,1949.0
2021-06-06,144139.0,1951.0
2021-06-07,144624.0,1952.0
2021-06-08,145078.0,1953.0
2021-06-09,145680.0,1955.0
2021-06-10,146290.0,1956.0
2021-06-11,146846.0,1958.0
2021-06-12,147411.0,1959.0
2021-06-13,147863.0,1962.0
2021-06-14,148262.0,1965.0
2021-06-15,148635.0,1969.0
2021-06-16,149180.0,1970.0
2021-06-17,149720.0,1971.0
2021-06-18,150227.0,1973.0
2021-06-19,150709.0,1974.0
2021-06-20,151138.0,1979.0
2021-06-21,151495.0,1981.0
2021-06-22,151889.0,1983.0
2021-06-23,152534.0,1984.0
2021-06-24,153144.0,1985.0
2021-06-25,153778.0,1986.0
2021-06-26,154446.0,1989.0
2021-06-27,155060.0,1990.0
2021-06-28,155561.0,1992.0
2021-06-29,156156.0,1994.0
2021-06-30,156950.0,1995.0
2021-07-01,157711.0,1998.0
2021-07-02,158536.0,2001.0
2021-07-03,159330.0,2002.0
2021-07-04,160073.0,2003.0
2021-07-05,160784.0,2005.0
2021-07-06,161530.0,2009.0
2021-07-07,162741.0,2010.0
2021-07-08,164016.0,2011.0
2021-07-09,165332.0,2013.0
2021-07-10,166710.0,2015.0
2021-07-11,168034.0,2020.0
2021-07-12,169134.0,2021.0
2021-07-13,170284.0,2023.0
2021-07-14,171897.0,2024.0
2021-07-15,173496.0,2026.0
2021-07-16,175030.0,2027.0
2021-07-17,176479.0,2031.0
2021-07-18,177932.0,2033.0
2021-07-19,179183.0,2034.0
2021-07-20,180461.0,2035.0
2021-07-21,182242.0,2036.0
2021-07-22,184083.0,2039.0
2021-07-23,185712.0,2042.0
2021-07-24,187339.0,2044.0
2021-07-25,188826.0,2049.0
2021-07-26,190144.0,2053.0
2021-07-27,191506.0,2055.0
2021-07-28,193401.0,2059.0
2021-07-29,195074.0,2061.0
2021-07-30,196784.0,2065.0
2021-07-31,198322.0,2071.0
2021-08-01,199764.0,2074.0
2021-08-02,200982.0,2075.0
2021-08-03,202182.0,2080.0
2021-08-04,203907.0,2082.0
2021-08-05,205682.0,2085.0
2021-08-06,207386.0,2089.0
2021-08-07,209209.0,2092.0
2021-08-08,210936.0,2097.0
2021-08-09,212425.0,2101.0
2021-08-10,213962.0,2110.0
2021-08-11,216183.0,2111.0
2021-08-12,218170.0,2114.0
2021-08-13,220159.0,2120.0
2021-08-14,222087.0,2124.0
2021-08-15,223903.0,2131.0
2021-08-16,225457.0,2142.0
2021-08-17,226829.0,2148.0
2021-08-18,228632.0,2153.0
2021-08-19,230784.0,2166.0
2021-08-20,232833.0,2172.0
2021-08-21,234709.0,2177.0
2021-08-22,236335.0,2190.0
2021-08-23,237752.0,2197.0
2021-08-24,239259.0,2203.0
2021-08-25,241413.0,2212.0
2021-08-26,243294.0,2232.0
2021-08-27,245131.0,2240.0
2021-08-28,246922.0,2251.0
2021-08-29,248541.0,2254.0
2021-08-30,250026.0,2259.0
2021-08-31,251395.0,2260.0
2021-09-01,253419.0,2267.0
2021-09-02,255378.0,2278.0
2021-09-03,257086.0,2282.0
2021-09-04,258889.0,2288.0
2021-09-05,260379.0,2294.0
2021-09-06,261754.0,2300.0
2021-09-07,263351.0,2303.0
2021-09-08,265398.0,2307.0
2021-09-09,267446.0,2316.0
2021-09-10,269338.0,2321.0
2021-09-11,271202.0,2331.0
2021-09-12,272957.0,2332.0
2021-09-13,274390.0,2333.0
2021-09-14,275885.0,2340.0
2021-09-15,277962.0,2352.0
2021-09-16,279903.0,2358.0
2021-09-17,281910.0,2361.0
2021-09-18,283997.0,2366.0
2021-09-19,285906.0,2376.0
2021-09-20,287509.0,2381.0
2021-09-21,289238.0,2385.0
2021-09-22,290958.0,2391.0
2021-09-23,292673.0,2399.0
2021-09-24,295102.0,2405.0
2021-09-25,298370.0,2412.0
2021-09-26,301137.0,2421.0
2021-09-27,303517.0,2427.0
2021-09-28,305804.0,2435.0
2021-09-29,308685.0,2445.0
2021-09-30,311245.0,2452.0
2021-10-01,313728.0,2468.0
2021-10-02,315975.0,2475.0
2021-10-03,318059.0,2478.0
2021-10-04,319729.0,2484.0
2021-10-05,321303.0,2495.0
2021-10-06,323330.0,2507.0
2021-10-07,325754.0,2515.0
2021-10-08,327925.0,2525.0
2021-10-09,329877.0,2531.0
2021-10-10,331470.0,2546.0
2021-10-11,332767.0,2554.0
2021-10-12,334113.0,2565.0
2021-10-13,335694.0,2576.0
2021-10-14,337632.0,2588.0
2021-10-15,339315.0,2596.0
2021-10-16,340931.0,2614.0
2021-10-17,342351.0,2630.0
2021-10-18,343400.0,2638.0
2021-10-19,344473.0,2659.0
2021-10-20,346044.0,2668.0
2021-10-21,347485.0,2679.0
2021-10-22,348922.0,2695.0
2021-10-23,350429.0,2714.0
2021-10-24,351850.0,2734.0
2021-10-25,353040.0,2741.0
2021-10-26,354305.0,2756.0
2021-10-27,356257.0,2765.0
2021-10-28,358367.0,2776.0
2021-10-29,360489.0,2784.0
2021-10-30,362591.0,2797.0
2021-10-31,364652.0,2816.0
2021-11-01,366336.0,2825.0
2021-11-02,367924.0,2841.0
2021-11-03,370589.0,2859.0
2021-11-04,373071.0,2883.0
2021-11-05,375413.0,2903.0
2021-11-06,377659.0,2923.0
2021-11-07,379883.0,2934.0
2021-11-08,381641.0,2947.0
2021-11-09,383355.0,2965.0
2021-11-10,385779.0,2978.0
2021-11-11,388298.0,2999.0
2021-11-12,390666.0,3017.0
2021-11-13,392990.0,3049.0
2021-11-14,395407.0,3069.0
2021-11-15,397410.0,3081.0
2021-11-16,399534.0,3103.0
2021-11-17,402717.0,3123.0
2021-11-18,406008.0,3152.0
2021-11-19,409040.0,3180.0
2021-11-20,412243.0,3209.0
2021-11-21,415361.0,3239.0
2021-11-22,418187.0,3263.0
2021-11-23,420883.0,3293.0
2021-11-24,424997.0,3327.0
2021-11-25,428931.0,3366.0
2021-11-26,432825.0,3405.0
2021-11-27,436889.0,3457.0
2021-11-28,440813.0,3513.0
2021-11-29,444120.0,3545.0
2021-11-30,447151.0,3589.0
2021-12-01,452270.0,3622.0
2021-12-02,457531.0,3670.0
2021-12-03,462473.0,3702.0
2021-12-04,467822.0,3772.0
2021-12-05,472945.0,3815.0
2021-12-06,477268.0,3856.0
2021-12-07,482216.0,3920.0
2021-12-08,489388.0,3983.0
2021-12-09,496488.0,4039.0
2021-12-10,503503.0,4092.0
2021-12-11,510473.0,4172.0
2021-12-12,517153.0,4214.0
2021-12-13,522969.0,4254.0
2021-12-14,528533.0,4348.0
2021-12-15,536373.0,4415.0
2021-12-16,543987.0,4477.0
2021-12-17,551418.0,4549.0
2021-12-18,558725.0,4602.0
2021-12-19,564956.0,4678.0
2021-12-20,570269.0,4731.0
2021-12-21,575460.0,4783.0
2021-12-22,582907.0,4861.0
2021-12-23,589817.0,4969.0
2021-12-24,596046.0,5025.0
2021-12-25,601882.0,5126.0
2021-12-26,607295.0,5194.0
2021-12-27,611498.0,5249.0
2021-12-28,615361.0,5295.0
2021-12-29,620762.0,5331.0
2021-12-30,625794.0,5403.0
2021-12-31,630665.0,5511.0
2022-01-01,635076.0,5573.0
2022-01-02,638901.0,5642.0
2022-01-03,642025.0,5678.0
2022-01-04,645044.0,5728.0
2022-01-05,649485.0,5785.0
2022-01-06,653603.0,5833.0
2022-01-07,657309.0,5878.0
2022-01-08,660811.0,5932.0
2022-01-09,664175.0,5983.0
2022-01-10,667178.0,6017.0
2022-01-11,670265.0,6060.0
2022-01-12,674645.0,6112.0
2022-01-13,678803.0,6156.0
2022-01-14,683337.0,6204.0
2022-01-15,687749.0,6226.0
2022-01-16,691932.0,6255.0
2022-01-17,695784.0,6278.0
2022-01-18,699848.0,6323.0
2022-01-19,705643.0,6396.0
2022-01-20,712241.0,6424.0
2022-01-21,719003.0,6445.0
2022-01-22,725990.0,6473.0
2022-01-23,733610.0,6484.0
2022-01-24,741115.0,6509.0
2022-01-25,749683.0,6532.0
2022-01-26,762680.0,6564.0
2022-01-27,777185.0,6597.0
2022-01-28,793264.0,6621.0
2022-01-29,810763.0,6655.0
2022-01-30,828276.0,6675.0
2022-01-31,845342.0,6698.0
2022-02-01,863669.0,6715.0
2022-02-02,883928.0,6730.0
2022-02-03,906760.0,6754.0
2022-02-04,934181.0,6777.0
2022-02-05,970489.0,6799.0
2022-02-06,1009162.0,6813.0
2022-02-07,1044411.0,6826.0
2022-02-08,1081105.0,6861.0
2022-02-09,1130613.0,6882.0
2022-02-10,1184715.0,6902.0
2022-02-11,1238574.0,6950.0
2022-02-12,1293491.0,6983.0
2022-02-13,1349854.0,7018.0
2022-02-14,1404377.0,7039.0
2022-02-15,1461517.0,7100.0
2022-02-16,1551928.0,7139.0
2022-02-17,1645032.0,7175.0
2022-02-18,1754812.0,7219.0
2022-02-19,1856986.0,7288.0
2022-02-20,1961780.0,7339.0
2022-02-21,2057117.0,7384.0
2022-02-22,2156648.0,7442.0
2022-02-23,2328063.0,7541.0
2022-02-24,2498037.0,7623.0
2022-02-25,2663871.0,7716.0
2022-02-26,2830040.0,7828.0
2022-02-27,2993565.0,7877.0
2022-02-28,3133169.0,7991.0
2022-03-01,3272135.0,8102.0
2022-03-02,3491329.0,8197.0
2022-03-03,3690112.0,8323.0
2022-03-04,3956932.0,8505.0
2022-03-05,4211216.0,8719.0
2022-03-06,4454805.0,8878.0
2022-03-07,4665484.0,9016.0
2022-03-08,4868129.0,9201.0
2022-03-09,5210525.0,9357.0
2022-03-10,5538017.0,9562.0
2022-03-11,5820966.0,9787.0
2022-03-12,6204577.0,10056.0
2022-03-13,6554703.0,10305.0
2022-03-14,6864444.0,10505.0
2022-03-15,7226666.0,10798.0
2022-03-16,7627111.0,10961.0
2022-03-17,8248146.0,11388.0
2022-03-18,8654924.0,11688.0
2022-03-19,9036241.0,12000.0
2022-03-20,9370786.0,12326.0
2022-03-21,9579873.0,12655.0
2022-03-22,9933723.0,13034.0
2022-03-23,10424394.0,13325.0
2022-03-24,10819880.0,13790.0
2022-03-25,11159300.0,14181.0
2022-03-26,11494775.0,14500.0
2022-03-27,11812788.0,14781.0
2022-03-28,11999917.0,15065.0
2022-03-29,12347351.0,15300.0
2022-03-30,12771883.0,15729.0
2022-03-31,13092537.0,16097.0
2022-04-01,13372747.0,16457.0
2022-04-02,13636879.0,16795.0
2022-04-03,13871112.0,17099.0
2022-04-04,13998266.0,17314.0
2022-04-05,14264332.0,17521.0
2022-04-06,14550554.0,17888.0
2022-04-07,14775317.0,18233.0
2022-04-08,14980603.0,18605.0
2022-04-09,15166109.0,18940.0
2022-04-10,15330535.0,19267.0
2022-04-11,15421430.0,19523.0
2022-04-12,15632125.0,19693.0
2022-04-13,15827488.0,19876.0
2022-04-14,15975900.0,20192.0
2022-04-15,16101707.0,20453.0
2022-04-16,16209584.0,20723.0
2022-04-17,16302541.0,20926.0
2022-04-18,16350256.0,21057.0
2022-04-19,16468716.0,21187.0
2022-04-20,16579994.0,21352.0
2022-04-21,16670824.0,21499.0
2022-04-22,16751857.0,21704.0
2022-04-23,16827258.0,21855.0
2022-04-24,16891930.0,21964.0
2022-04-25,16926288.0,22073.0
2022-04-26,17006612.0,22154.0
2022-04-27,17083363.0,22294.0
2022-04-28,17140811.0,22415.0
2022-04-29,17191363.0,22551.0
2022-04-30,17234632.0,22621.0
2022-05-01,17272385.0,22701.0
2022-05-02,17292452.0,22782.0
2022-05-03,17343562.0,22830.0
2022-05-04,17392610.0,22902.0
2022-05-05,17434891.0,22980.0
2022-05-06,17461582.0,23028.0
2022-05-07,17501166.0,23110.0
2022-05-08,17541204.0,23180.0
2022-05-09,17561785.0,23220.0
2022-05-10,17611699.0,23282.0
2022-05-11,17655604.0,23311.0
2022-05-12,17691493.0,23374.0
2022-05-13,17723926.0,23426.0
2022-05-14,17753493.0,23480.0
2022-05-15,17778911.0,23528.0
2022-05-16,17792196.0,23562.0
2022-05-17,17827297.0,23589.0
2022-05-18,17858634.0,23620.0
2022-05-19,17886751.0,23656.0
2022-05-20,17911867.0,23698.0
2022-05-21,17935314.0,23724.0
2022-05-22,17954597.0,23778.0
2022-05-23,17964567.0,23799.0
2022-05-24,17990899.0,23818.0
2022-05-25,18014837.0,23841.0
2022-05-26,18033642.0,23875.0
2022-05-27,18050209.0,23915.0
2022-05-28,18064597.0,23951.0
2022-05-29,18077239.0,23970.0
2022-05-30,18083371.0,23979.0
2022-05-31,18100546.0,23988.0
2022-06-01,18116328.0,24009.0
