date,new_diagnoses,new_deaths
2020-01-20,1.0,0.0
2020-01-21,0.0,0.0
2020-01-22,0.0,0.0
2020-01-23,0.0,0.0
2020-01-24,1.0,0.0
2020-01-25,0.0,0.0
2020-01-26,1.0,0.0
2020-01-27,1.0,0.0
2020-01-28,0.0,0.0
2020-01-29,0.0,0.0
2020-01-30,3.0,0.0
2020-01-31,4.0,0.0
2020-02-01,1.0,0.0
2020-02-02,3.0,0.0
2020-02-03,0.0,0.0
2020-02-04,1.0,0.0
2020-02-05,5.0,0.0
2020-02-06,3.0,0.0
2020-02-07,0.0,0.0
2020-02-08,0.0,0.0
2020-02-09,3.0,0.0
2020-02-10,1.0,0.0
2020-02-11,0.0,0.0
2020-02-12,0.0,0.0
2020-02-13,0.0,0.0
2020-02-14,0.0,0.0
2020-02-15,0.0,0.0
2020-02-16,2.0,0.0
2020-02-17,0.0,0.0
2020-02-18,2.0,0.0
2020-02-19,34.0,0.0
2020-02-20,16.0,1.0
2020-02-21,74.0,0.0
2020-02-22,190.0,2.0
2020-02-23,210.0,0.0
2020-02-24,207.0,4.0
2020-02-25,130.0,1.0
2020-02-26,253.0,2.0
2020-02-27,449.0,1.0
2020-02-28,427.0,1.0
2020-02-29,909.0,3.0
2020-03-01,595.0,1.0
2020-03-02,686.0,6.0
2020-03-03,600.0,5.0
2020-03-04,516.0,4.0
2020-03-05,438.0,3.0
2020-03-06,518.0,7.0
2020-03-07,483.0,2.0
2020-03-08,367.0,6.0
2020-03-09,248.0,1.0
2020-03-10,131.0,3.0
2020-03-11,242.0,6.0
2020-03-12,114.0,6.0
2020-03-13,110.0,1.0
2020-03-14,107.0,5.0
2020-03-15,76.0,3.0
2020-03-16,74.0,0.0
2020-03-17,84.0,6.0
2020-03-18,93.0,3.0
2020-03-19,152.0,7.0
2020-03-20,87.0,3.0
2020-03-21,147.0,8.0
2020-03-22,98.0,2.0
2020-03-23,64.0,7.0
2020-03-24,76.0,9.0
2020-03-25,100.0,6.0
2020-03-26,104.0,5.0
2020-03-27,91.0,8.0
2020-03-28,146.0,5.0
2020-03-29,105.0,8.0
2020-03-30,78.0,6.0
2020-03-31,125.0,4.0
2020-04-01,101.0,3.0
2020-04-02,89.0,4.0
2020-04-03,86.0,5.0
2020-04-04,94.0,3.0
2020-04-05,81.0,6.0
2020-04-06,47.0,2.0
2020-04-07,47.0,6.0
2020-04-08,53.0,7.0
2020-04-09,39.0,4.0
2020-04-10,27.0,4.0
2020-04-11,30.0,3.0
2020-04-12,32.0,3.0
2020-04-13,25.0,3.0
2020-04-14,27.0,5.0
2020-04-15,27.0,3.0
2020-04-16,22.0,4.0
2020-04-17,22.0,1.0
2020-04-18,18.0,2.0
2020-04-19,8.0,2.0
2020-04-20,13.0,2.0
2020-04-21,9.0,1.0
2020-04-22,11.0,1.0
2020-04-23,8.0,2.0
2020-04-24,6.0,0.0
2020-04-25,10.0,0.0
2020-04-26,10.0,2.0
2020-04-27,10.0,1.0
2020-04-28,14.0,1.0
2020-04-29,9.0,2.0
2020-04-30,4.0,1.0
2020-05-01,9.0,1.0
2020-05-02,6.0,2.0
2020-05-03,13.0,0.0
2020-05-04,8.0,2.0
2020-05-05,3.0,2.0
2020-05-06,2.0,1.0
2020-05-07,4.0,1.0
2020-05-08,12.0,0.0
2020-05-09,18.0,0.0
2020-05-10,34.0,0.0
2020-05-11,35.0,0.0
2020-05-12,27.0,2.0
2020-05-13,26.0,1.0
2020-05-14,29.0,1.0
2020-05-15,27.0,0.0
2020-05-16,19.0,2.0
2020-05-17,13.0,0.0
2020-05-18,15.0,1.0
2020-05-19,13.0,0.0
2020-05-20,32.0,0.0
2020-05-21,12.0,1.0
2020-05-22,20.0,0.0
2020-05-23,23.0,2.0
2020-05-24,25.0,0.0
2020-05-25,16.0,1.0
2020-05-26,19.0,2.0
2020-05-27,40.0,0.0
2020-05-28,79.0,0.0
2020-05-29,58.0,0.0
2020-05-30,39.0,0.0
2020-05-31,27.0,1.0
2020-06-01,35.0,1.0
2020-06-02,38.0,1.0
2020-06-03,49.0,1.0
2020-06-04,39.0,0.0
2020-06-05,39.0,0.0
2020-06-06,51.0,0.0
2020-06-07,57.0,0.0
2020-06-08,37.0,0.0
2020-06-09,38.0,1.0
2020-06-10,50.0,2.0
2020-06-11,45.0,0.0
2020-06-12,56.0,1.0
2020-06-13,48.0,0.0
2020-06-14,34.0,0.0
2020-06-15,37.0,0.0
2020-06-16,34.0,1.0
2020-06-17,43.0,1.0
2020-06-18,59.0,1.0
2020-06-19,49.0,0.0
2020-06-20,67.0,0.0
2020-06-21,48.0,0.0
2020-06-22,17.0,0.0
2020-06-23,46.0,1.0
2020-06-24,51.0,0.0
2020-06-25,28.0,1.0
2020-06-26,39.0,0.0
2020-06-27,51.0,0.0
2020-06-28,62.0,0.0
2020-06-29,42.0,0.0
2020-06-30,42.0,0.0
2020-07-01,51.0,0.0
2020-07-02,54.0,0.0
2020-07-03,61.0,0.0
2020-07-04,63.0,1.0
2020-07-05,61.0,0.0
2020-07-06,48.0,1.0
2020-07-07,44.0,1.0
2020-07-08,62.0,0.0
2020-07-09,50.0,2.0
2020-07-10,45.0,1.0
2020-07-11,35.0,0.0
2020-07-12,44.0,1.0
2020-07-13,62.0,0.0
2020-07-14,33.0,0.0
2020-07-15,39.0,0.0
2020-07-16,61.0,1.0
2020-07-17,60.0,2.0
2020-07-18,39.0,1.0
2020-07-19,34.0,1.0
2020-07-20,26.0,1.0
2020-07-21,45.0,0.0
2020-07-22,63.0,1.0
2020-07-23,59.0,0.0
2020-07-24,41.0,1.0
2020-07-25,113.0,0.0
2020-07-26,58.0,0.0
2020-07-27,25.0,1.0
2020-07-28,28.0,1.0
2020-07-29,48.0,0.0
2020-07-30,18.0,0.0
2020-07-31,36.0,1.0
2020-08-01,31.0,0.0
2020-08-02,30.0,0.0
2020-08-03,23.0,0.0
2020-08-04,34.0,0.0
2020-08-05,33.0,1.0
2020-08-06,43.0,0.0
2020-08-07,20.0,1.0
2020-08-08,43.0,1.0
2020-08-09,36.0,1.0
2020-08-10,28.0,0.0
2020-08-11,34.0,0.0
2020-08-12,54.0,0.0
2020-08-13,56.0,0.0
2020-08-14,103.0,0.0
2020-08-15,166.0,0.0
2020-08-16,279.0,0.0
2020-08-17,197.0,0.0
2020-08-18,246.0,1.0
2020-08-19,297.0,0.0
2020-08-20,288.0,1.0
2020-08-21,324.0,2.0
2020-08-22,332.0,0.0
2020-08-23,396.0,0.0
2020-08-24,266.0,0.0
2020-08-25,280.0,1.0
2020-08-26,320.0,2.0
2020-08-27,441.0,1.0
2020-08-28,371.0,3.0
2020-08-29,323.0,5.0
2020-08-30,299.0,2.0
2020-08-31,248.0,1.0
2020-09-01,235.0,0.0
2020-09-02,267.0,2.0
2020-09-03,195.0,3.0
2020-09-04,198.0,2.0
2020-09-05,168.0,2.0
2020-09-06,167.0,1.0
2020-09-07,119.0,2.0
2020-09-08,136.0,5.0
2020-09-09,156.0,3.0
2020-09-10,155.0,2.0
2020-09-11,176.0,4.0
2020-09-12,136.0,5.0
2020-09-13,121.0,3.0
2020-09-14,109.0,5.0
2020-09-15,106.0,3.0
2020-09-16,113.0,0.0
2020-09-17,153.0,5.0
2020-09-18,126.0,5.0
2020-09-19,110.0,1.0
2020-09-20,82.0,5.0
2020-09-21,70.0,2.0
2020-09-22,61.0,3.0
2020-09-23,110.0,0.0
2020-09-24,125.0,5.0
2020-09-25,114.0,2.0
2020-09-26,61.0,4.0
2020-09-27,95.0,2.0
2020-09-28,50.0,5.0
2020-09-29,38.0,1.0
2020-09-30,113.0,6.0
2020-10-01,77.0,2.0
2020-10-02,63.0,1.0
2020-10-03,75.0,4.0
2020-10-04,64.0,1.0
2020-10-05,73.0,1.0
2020-10-06,75.0,0.0
2020-10-07,114.0,3.0
2020-10-08,69.0,2.0
2020-10-09,54.0,1.0
2020-10-10,72.0,2.0
2020-10-11,58.0,2.0
2020-10-12,98.0,1.0
2020-10-13,91.0,1.0
2020-10-14,84.0,4.0
2020-10-15,110.0,1.0
2020-10-16,47.0,2.0
2020-10-17,73.0,2.0
2020-10-18,91.0,1.0
2020-10-19,76.0,0.0
2020-10-20,58.0,3.0
2020-10-21,89.0,3.0
2020-10-22,121.0,3.0
2020-10-23,155.0,2.0
2020-10-24,77.0,2.0
2020-10-25,61.0,0.0
2020-10-26,119.0,0.0
2020-10-27,88.0,3.0
2020-10-28,103.0,1.0
2020-10-29,125.0,1.0
2020-10-30,113.0,1.0
2020-10-31,127.0,1.0
2020-11-01,124.0,2.0
2020-11-02,97.0,2.0
2020-11-03,75.0,4.0
2020-11-04,117.0,2.0
2020-11-05,125.0,1.0
2020-11-06,145.0,1.0
2020-11-07,89.0,1.0
2020-11-08,143.0,1.0
2020-11-09,126.0,2.0
2020-11-10,100.0,4.0
2020-11-11,145.0,2.0
2020-11-12,143.0,0.0
2020-11-13,191.0,1.0
2020-11-14,205.0,4.0
2020-11-15,208.0,1.0
2020-11-16,222.0,1.0
2020-11-17,230.0,0.0
2020-11-18,285.0,2.0
2020-11-19,325.0,2.0
2020-11-20,348.0,2.0
2020-11-21,386.0,2.0
2020-11-22,330.0,2.0
2020-11-23,271.0,4.0
2020-11-24,349.0,1.0
2020-11-25,382.0,3.0
2020-11-26,581.0,2.0
2020-11-27,555.0,1.0
2020-11-28,503.0,6.0
2020-11-29,450.0,1.0
2020-11-30,438.0,2.0
2020-12-01,451.0,0.0
2020-12-02,511.0,0.0
2020-12-03,540.0,3.0
2020-12-04,628.0,7.0
2020-12-05,577.0,3.0
2020-12-06,631.0,5.0
2020-12-07,615.0,4.0
2020-12-08,587.0,3.0
2020-12-09,670.0,4.0
2020-12-10,679.0,8.0
2020-12-11,689.0,8.0
2020-12-12,950.0,6.0
2020-12-13,1030.0,2.0
2020-12-14,718.0,7.0
2020-12-15,879.0,13.0
2020-12-16,1078.0,12.0
2020-12-17,1013.0,22.0
2020-12-18,1064.0,11.0
2020-12-19,1045.0,14.0
2020-12-20,1096.0,15.0
2020-12-21,924.0,24.0
2020-12-22,866.0,23.0
2020-12-23,1090.0,17.0
2020-12-24,985.0,17.0
2020-12-25,1240.0,17.0
2020-12-26,1131.0,20.0
2020-12-27,970.0,15.0
2020-12-28,806.0,11.0
2020-12-29,1043.0,40.0
2020-12-30,1050.0,20.0
2020-12-31,967.0,21.0
2021-01-01,1027.0,17.0
2021-01-02,820.0,25.0
2021-01-03,657.0,20.0
2021-01-04,1020.0,19.0
2021-01-05,714.0,26.0
2021-01-06,838.0,20.0
2021-01-07,869.0,19.0
2021-01-08,674.0,34.0
2021-01-09,641.0,19.0
2021-01-10,657.0,25.0
2021-01-11,451.0,15.0
2021-01-12,537.0,25.0
2021-01-13,561.0,20.0
2021-01-14,524.0,10.0
2021-01-15,512.0,21.0
2021-01-16,580.0,19.0
2021-01-17,520.0,13.0
2021-01-18,389.0,15.0
2021-01-19,386.0,19.0
2021-01-20,404.0,17.0
2021-01-21,400.0,16.0
2021-01-22,346.0,12.0
2021-01-23,431.0,9.0
2021-01-24,392.0,12.0
2021-01-25,437.0,11.0
2021-01-26,349.0,11.0
2021-01-27,559.0,7.0
2021-01-28,497.0,8.0
2021-01-29,469.0,13.0
2021-01-30,456.0,15.0
2021-01-31,353.0,6.0
2021-02-01,305.0,5.0
2021-02-02,336.0,10.0
2021-02-03,467.0,6.0
2021-02-04,451.0,7.0
2021-02-05,370.0,11.0
2021-02-06,390.0,5.0
2021-02-07,371.0,7.0
2021-02-08,288.0,3.0
2021-02-09,303.0,8.0
2021-02-10,444.0,4.0
2021-02-11,504.0,10.0
2021-02-12,403.0,11.0
2021-02-13,362.0,6.0
2021-02-14,326.0,8.0
2021-02-15,343.0,5.0
2021-02-16,457.0,7.0
2021-02-17,621.0,4.0
2021-02-18,621.0,6.0
2021-02-19,561.0,6.0
2021-02-20,447.0,3.0
2021-02-21,416.0,4.0
2021-02-22,332.0,5.0
2021-02-23,356.0,11.0
2021-02-24,440.0,3.0
2021-02-25,395.0,5.0
2021-02-26,387.0,4.0
2021-02-27,415.0,10.0
2021-02-28,355.0,8.0
2021-03-01,355.0,2.0
2021-03-02,344.0,1.0
2021-03-03,444.0,6.0
2021-03-04,424.0,7.0
2021-03-05,398.0,8.0
2021-03-06,418.0,5.0
2021-03-07,416.0,2.0
2021-03-08,346.0,8.0
2021-03-09,446.0,3.0
2021-03-10,470.0,3.0
2021-03-11,465.0,4.0
2021-03-12,488.0,9.0
2021-03-13,490.0,5.0
2021-03-14,459.0,2.0
2021-03-15,379.0,5.0
2021-03-16,363.0,3.0
2021-03-17,469.0,8.0
2021-03-18,445.0,2.0
2021-03-19,463.0,2.0
2021-03-20,447.0,3.0
2021-03-21,456.0,3.0
2021-03-22,415.0,1.0
2021-03-23,346.0,7.0
2021-03-24,428.0,3.0
2021-03-25,430.0,2.0
2021-03-26,489.0,7.0
2021-03-27,505.0,5.0
2021-03-28,481.0,0.0
2021-03-29,382.0,4.0
2021-03-30,447.0,3.0
2021-03-31,506.0,2.0
2021-04-01,551.0,4.0
2021-04-02,557.0,2.0
2021-04-03,542.0,2.0
2021-04-04,543.0,4.0
2021-04-05,473.0,4.0
2021-04-06,477.0,4.0
2021-04-07,668.0,4.0
2021-04-08,700.0,1.0
2021-04-09,671.0,6.0
2021-04-10,677.0,1.0
2021-04-11,614.0,3.0
2021-04-12,587.0,2.0
2021-04-13,542.0,5.0
2021-04-14,731.0,6.0
2021-04-15,698.0,6.0
2021-04-16,673.0,2.0
2021-04-17,658.0,4.0
2021-04-18,671.0,3.0
2021-04-19,532.0,4.0
2021-04-20,549.0,1.0
2021-04-21,731.0,3.0
2021-04-22,735.0,2.0
2021-04-23,797.0,3.0
2021-04-24,785.0,1.0
2021-04-25,644.0,1.0
2021-04-26,499.0,4.0
2021-04-27,512.0,3.0
2021-04-28,769.0,1.0
2021-04-29,679.0,4.0
2021-04-30,661.0,3.0
2021-05-01,626.0,3.0
2021-05-02,606.0,2.0
2021-05-03,487.0,1.0
2021-05-04,541.0,6.0
2021-05-05,676.0,7.0
2021-05-06,574.0,4.0
2021-05-07,525.0,9.0
2021-05-08,701.0,5.0
2021-05-09,564.0,9.0
2021-05-10,463.0,1.0
2021-05-11,510.0,4.0
2021-05-12,634.0,5.0
2021-05-13,715.0,5.0
2021-05-14,747.0,2.0
2021-05-15,681.0,3.0
2021-05-16,610.0,4.0
2021-05-17,619.0,3.0
2021-05-18,528.0,1.0
2021-05-19,654.0,8.0
2021-05-20,646.0,4.0
2021-05-21,561.0,6.0
2021-05-22,666.0,4.0
2021-05-23,585.0,5.0
2021-05-24,530.0,3.0
2021-05-25,516.0,4.0
2021-05-26,705.0,2.0
2021-05-27,629.0,3.0
2021-05-28,587.0,3.0
2021-05-29,533.0,5.0
2021-05-30,480.0,6.0
2021-05-31,430.0,2.0
2021-06-01,459.0,4.0
2021-06-02,677.0,2.0
2021-06-03,681.0,3.0
2021-06-04,695.0,1.0
2021-06-05,744.0,2.0
2021-06-06,556.0,2.0
2021-06-07,485.0,1.0
2021-06-08,454.0,1.0
2021-06-09,602.0,2.0
2021-06-10,610.0,1.0
2021-06-11,556.0,2.0
2021-06-12,565.0,1.0
2021-06-13,452.0,3.0
2021-06-14,399.0,3.0
2021-06-15,373.0,4.0
2021-06-16,545.0,1.0
2021-06-17,540.0,1.0
2021-06-18,507.0,2.0
2021-06-19,482.0,1.0
2021-06-20,429.0,5.0
2021-06-21,357.0,2.0
2021-06-22,394.0,2.0
2021-06-23,645.0,1.0
2021-06-24,610.0,1.0
2021-06-25,634.0,1.0
2021-06-26,668.0,3.0
2021-06-27,614.0,1.0
2021-06-28,501.0,2.0
2021-06-29,595.0,2.0
2021-06-30,794.0,1.0
2021-07-01,761.0,3.0
2021-07-02,825.0,3.0
2021-07-03,794.0,1.0
2021-07-04,743.0,1.0
2021-07-05,711.0,2.0
2021-07-06,746.0,4.0
2021-07-07,1211.0,1.0
2021-07-08,1275.0,1.0
2021-07-09,1316.0,2.0
2021-07-10,1378.0,2.0
2021-07-11,1324.0,5.0
2021-07-12,1100.0,1.0
2021-07-13,1150.0,2.0
2021-07-14,1613.0,1.0
2021-07-15,1599.0,2.0
2021-07-16,1534.0,1.0
2021-07-17,1449.0,4.0
2021-07-18,1453.0,2.0
2021-07-19,1251.0,1.0
2021-07-20,1278.0,1.0
2021-07-21,1781.0,1.0
2021-07-22,1841.0,3.0
2021-07-23,1629.0,3.0
2021-07-24,1627.0,2.0
2021-07-25,1487.0,5.0
2021-07-26,1318.0,4.0
2021-07-27,1362.0,2.0
2021-07-28,1895.0,4.0
2021-07-29,1673.0,2.0
2021-07-30,1710.0,4.0
2021-07-31,1538.0,6.0
2021-08-01,1442.0,3.0
2021-08-02,1218.0,1.0
2021-08-03,1200.0,5.0
2021-08-04,1725.0,2.0
2021-08-05,1775.0,3.0
2021-08-06,1704.0,4.0
2021-08-07,1823.0,3.0
2021-08-08,1727.0,5.0
2021-08-09,1489.0,4.0
2021-08-10,1537.0,9.0
2021-08-11,2221.0,1.0
2021-08-12,1987.0,3.0
2021-08-13,1989.0,6.0
2021-08-14,1928.0,4.0
2021-08-15,1816.0,7.0
2021-08-16,1554.0,11.0
2021-08-17,1372.0,6.0
2021-08-18,1803.0,5.0
2021-08-19,2152.0,13.0
2021-08-20,2049.0,6.0
2021-08-21,1876.0,5.0
2021-08-22,1626.0,13.0
2021-08-23,1417.0,7.0
2021-08-24,1507.0,6.0
2021-08-25,2154.0,9.0
2021-08-26,1881.0,20.0
2021-08-27,1837.0,8.0
2021-08-28,1791.0,11.0
2021-08-29,1619.0,3.0
2021-08-30,1485.0,5.0
2021-08-31,1369.0,1.0
2021-09-01,2024.0,7.0
2021-09-02,1959.0,11.0
2021-09-03,1708.0,4.0
2021-09-04,1803.0,6.0
2021-09-05,1490.0,6.0
2021-09-06,1375.0,6.0
2021-09-07,1597.0,3.0
2021-09-08,2047.0,4.0
2021-09-09,2048.0,9.0
2021-09-10,1892.0,5.0
2021-09-11,1864.0,10.0
2021-09-12,1755.0,1.0
2021-09-13,1433.0,1.0
2021-09-14,1495.0,7.0
2021-09-15,2077.0,12.0
2021-09-16,1941.0,6.0
2021-09-17,2007.0,3.0
2021-09-18,2087.0,5.0
2021-09-19,1909.0,10.0
2021-09-20,1603.0,5.0
2021-09-21,1729.0,4.0
2021-09-22,1720.0,6.0
2021-09-23,1715.0,8.0
2021-09-24,2429.0,6.0
2021-09-25,3268.0,7.0
2021-09-26,2767.0,9.0
2021-09-27,2380.0,6.0
2021-09-28,2287.0,8.0
2021-09-29,2881.0,10.0
2021-09-30,2560.0,7.0
2021-10-01,2483.0,16.0
2021-10-02,2247.0,7.0
2021-10-03,2084.0,3.0
2021-10-04,1670.0,6.0
2021-10-05,1574.0,11.0
2021-10-06,2027.0,12.0
2021-10-07,2424.0,8.0
2021-10-08,2171.0,10.0
2021-10-09,1952.0,6.0
2021-10-10,1593.0,15.0
2021-10-11,1297.0,8.0
2021-10-12,1346.0,11.0
2021-10-13,1581.0,11.0
2021-10-14,1938.0,12.0
2021-10-15,1683.0,8.0
2021-10-16,1616.0,18.0
2021-10-17,1420.0,16.0
2021-10-18,1049.0,8.0
2021-10-19,1073.0,21.0
2021-10-20,1571.0,9.0
2021-10-21,1441.0,11.0
2021-10-22,1437.0,16.0
2021-10-23,1507.0,19.0
2021-10-24,1421.0,20.0
2021-10-25,1190.0,7.0
2021-10-26,1265.0,15.0
2021-10-27,1952.0,9.0
2021-10-28,2110.0,11.0
2021-10-29,2122.0,8.0
2021-10-30,2102.0,13.0
2021-10-31,2061.0,19.0
2021-11-01,1684.0,9.0
2021-11-02,1588.0,16.0
2021-11-03,2665.0,18.0
2021-11-04,2482.0,24.0
2021-11-05,2342.0,20.0
2021-11-06,2246.0,20.0
2021-11-07,2224.0,11.0
2021-11-08,1758.0,13.0
2021-11-09,1714.0,18.0
2021-11-10,2424.0,13.0
2021-11-11,2519.0,21.0
2021-11-12,2368.0,18.0
2021-11-13,2324.0,32.0
2021-11-14,2417.0,20.0
2021-11-15,2003.0,12.0
2021-11-16,2124.0,22.0
2021-11-17,3183.0,20.0
2021-11-18,3291.0,29.0
2021-11-19,3032.0,28.0
2021-11-20,3203.0,29.0
2021-11-21,3118.0,30.0
2021-11-22,2826.0,24.0
2021-11-23,2696.0,30.0
2021-11-24,4114.0,34.0
2021-11-25,3934.0,39.0
2021-11-26,3894.0,39.0
2021-11-27,4064.0,52.0
2021-11-28,3924.0,56.0
2021-11-29,3307.0,32.0
2021-11-30,3031.0,44.0
2021-12-01,5119.0,33.0
2021-12-02,5261.0,48.0
2021-12-03,4942.0,32.0
2021-12-04,5349.0,70.0
2021-12-05,5123.0,43.0
2021-12-06,4323.0,41.0
2021-12-07,4948.0,64.0
2021-12-08,7172.0,63.0
2021-12-09,7100.0,56.0
2021-12-10,7015.0,53.0
2021-12-11,6970.0,80.0
2021-12-12,6680.0,42.0
2021-12-13,5816.0,40.0
2021-12-14,5564.0,94.0
2021-12-15,7840.0,67.0
2021-12-16,7614.0,62.0
2021-12-17,7431.0,72.0
2021-12-18,7307.0,53.0
2021-12-19,6231.0,76.0
2021-12-20,5313.0,53.0
2021-12-21,5191.0,52.0
2021-12-22,7447.0,78.0
2021-12-23,6910.0,108.0
2021-12-24,6229.0,56.0
2021-12-25,5836.0,101.0
2021-12-26,5413.0,68.0
2021-12-27,4203.0,55.0
2021-12-28,3863.0,46.0
2021-12-29,5401.0,36.0
2021-12-30,5032.0,72.0
2021-12-31,4871.0,108.0
2022-01-01,4411.0,62.0
2022-01-02,3825.0,69.0
2022-01-03,3124.0,36.0
2022-01-04,3019.0,50.0
2022-01-05,4441.0,57.0
2022-01-06,4118.0,48.0
2022-01-07,3706.0,45.0
2022-01-08,3502.0,54.0
2022-01-09,3364.0,51.0
2022-01-10,3003.0,34.0
2022-01-11,3087.0,43.0
2022-01-12,4380.0,52.0
2022-01-13,4158.0,44.0
2022-01-14,4534.0,48.0
2022-01-15,4412.0,22.0
2022-01-16,4183.0,29.0
2022-01-17,3852.0,23.0
2022-01-18,4064.0,45.0
2022-01-19,5795.0,73.0
2022-01-20,6598.0,28.0
2022-01-21,6762.0,21.0
2022-01-22,6987.0,28.0
2022-01-23,7620.0,11.0
2022-01-24,7505.0,25.0
2022-01-25,8568.0,23.0
2022-01-26,12997.0,32.0
2022-01-27,14505.0,33.0
2022-01-28,16079.0,24.0
2022-01-29,17499.0,34.0
2022-01-30,17513.0,20.0
2022-01-31,17066.0,23.0
2022-02-01,18327.0,17.0
2022-02-02,20259.0,15.0
2022-02-03,22832.0,24.0
2022-02-04,27421.0,23.0
2022-02-05,36308.0,22.0
2022-02-06,38673.0,14.0
2022-02-07,35249.0,13.0
2022-02-08,36694.0,35.0
2022-02-09,49508.0,21.0
2022-02-10,54102.0,20.0
2022-02-11,53859.0,48.0
2022-02-12,54917.0,33.0
2022-02-13,56363.0,35.0
2022-02-14,54523.0,21.0
2022-02-15,57140.0,61.0
2022-02-16,90411.0,39.0
2022-02-17,93104.0,36.0
2022-02-18,109780.0,44.0
2022-02-19,102174.0,69.0
2022-02-20,104794.0,51.0
2022-02-21,95337.0,45.0
2022-02-22,99531.0,58.0
2022-02-23,171415.0,99.0
2022-02-24,169974.0,82.0
2022-02-25,165834.0,93.0
2022-02-26,166169.0,112.0
2022-02-27,163525.0,49.0
2022-02-28,139604.0,114.0
2022-03-01,138966.0,111.0
2022-03-02,219194.0,95.0
2022-03-03,198783.0,126.0
2022-03-04,266820.0,182.0
2022-03-05,254284.0,214.0
2022-03-06,243589.0,159.0
2022-03-07,210679.0,138.0
2022-03-08,202645.0,185.0
2022-03-09,342396.0,156.0
2022-03-10,327492.0,205.0
2022-03-11,282949.0,225.0
2022-03-12,383611.0,269.0
2022-03-13,350126.0,249.0
2022-03-14,309741.0,200.0
2022-03-15,362222.0,293.0
2022-03-16,400445.0,163.0
2022-03-17,621035.0,427.0
2022-03-18,406778.0,300.0
2022-03-19,381317.0,312.0
2022-03-20,334545.0,326.0
2022-03-21,209087.0,329.0
2022-03-22,353850.0,379.0
2022-03-23,490671.0,291.0
2022-03-24,395486.0,465.0
2022-03-25,339420.0,391.0
2022-03-26,335475.0,319.0
2022-03-27,318013.0,281.0
2022-03-28,187129.0,284.0
2022-03-29,347434.0,235.0
2022-03-30,424532.0,429.0
2022-03-31,320654.0,368.0
2022-04-01,280210.0,360.0
2022-04-02,264132.0,338.0
2022-04-03,234233.0,304.0
2022-04-04,127154.0,215.0
2022-04-05,266066.0,207.0
2022-04-06,286222.0,367.0
2022-04-07,224763.0,345.0
2022-04-08,205286.0,372.0
2022-04-09,185506.0,335.0
2022-04-10,164426.0,327.0
2022-04-11,90895.0,256.0
2022-04-12,210695.0,170.0
2022-04-13,195363.0,183.0
2022-04-14,148412.0,316.0
2022-04-15,125807.0,261.0
2022-04-16,107877.0,270.0
2022-04-17,92957.0,203.0
2022-04-18,47715.0,131.0
2022-04-19,118460.0,130.0
2022-04-20,111278.0,165.0
2022-04-21,90830.0,147.0
2022-04-22,81033.0,205.0
2022-04-23,75401.0,151.0
2022-04-24,64672.0,109.0
2022-04-25,34358.0,109.0
2022-04-26,80324.0,81.0
2022-04-27,76751.0,140.0
2022-04-28,57448.0,121.0
2022-04-29,50552.0,136.0
2022-04-30,43269.0,70.0
2022-05-01,37753.0,80.0
2022-05-02,20067.0,81.0
2022-05-03,51110.0,48.0
2022-05-04,49048.0,72.0
2022-05-05,42281.0,78.0
2022-05-06,26691.0,48.0
2022-05-07,39584.0,82.0
2022-05-08,40038.0,70.0
2022-05-09,20581.0,40.0
2022-05-10,49914.0,62.0
2022-05-11,43905.0,29.0
2022-05-12,35889.0,63.0
2022-05-13,32433.0,52.0
2022-05-14,29567.0,54.0
2022-05-15,25418.0,48.0
2022-05-16,13285.0,34.0
2022-05-17,35101.0,27.0
2022-05-18,31337.0,31.0
2022-05-19,28117.0,36.0
2022-05-20,25116.0,42.0
2022-05-21,23447.0,26.0
2022-05-22,19283.0,54.0
2022-05-23,9970.0,21.0
2022-05-24,26332.0,19.0
2022-05-25,23938.0,23.0
2022-05-26,18805.0,34.0
2022-05-27,16567.0,40.0
2022-05-28,14388.0,36.0
2022-05-29,12642.0,19.0
2022-05-30,6132.0,9.0
2022-05-31,17175.0,9.0
2022-06-01,15782.0,21.0
2022-06-02,9882.0,14.0
2022-06-03,12527.0,17.0
2022-06-04,12018.0,9.0
2022-06-05,9825.0,20.0
2022-06-06,5011.0,21.0
2022-06-07,6171.0,20.0
2022-06-08,13335.0,6.0
2022-06-09,12143.0,18.0
2022-06-10,9301.0,18.0
2022-06-11,8432.0,10.0
2022-06-12,7369.0,20.0
2022-06-13,3814.0,17.0
2022-06-14,9761.0,2.0
2022-06-15,9417.0,9.0
2022-06-16,7970.0,7.0
2022-06-17,7185.0,9.0
2022-06-18,6816.0,11.0
2022-06-19,6060.0,14.0
2022-06-20,3516.0,10.0
2022-06-21,9289.0,11.0
2022-06-22,8970.0,11.0
2022-06-23,7487.0,14.0
2022-06-24,7187.0,9.0
2022-06-25,6772.0,17.0
2022-06-26,6234.0,6.0
2022-06-27,3416.0,3.0
2022-06-28,9879.0,5.0
2022-06-29,10428.0,7.0
2022-06-30,9583.0,10.0
2022-07-01,9511.0,8.0
2022-07-02,10701.0,7.0
2022-07-03,10028.0,8.0
2022-07-04,6232.0,4.0
2022-07-05,18114.0,2.0
2022-07-06,19335.0,7.0
2022-07-07,18482.0,10.0
2022-07-08,19286.0,12.0
2022-07-09,20253.0,19.0
2022-07-10,20368.0,19.0
2022-07-11,12666.0,18.0
2022-07-12,37324.0,7.0
2022-07-13,40223.0,12.0
2022-07-14,39139.0,16.0
2022-07-15,38848.0,15.0
2022-07-16,41284.0,15.0
2022-07-17,40306.0,14.0
2022-07-18,26259.0,11.0
2022-07-19,73515.0,12.0
2022-07-20,76333.0,12.0
2022-07-21,71106.0,17.0
2022-07-22,68574.0,31.0
2022-07-23,68510.0,30.0
2022-07-24,65342.0,18.0
2022-07-25,35840.0,17.0
2022-07-26,99199.0,17.0
2022-07-27,100188.0,25.0
2022-07-28,88313.0,25.0
2022-07-29,85246.0,35.0
2022-07-30,81901.0,35.0
2022-07-31,73537.0,20.0
2022-08-01,44611.0,21.0
2022-08-02,111723.0,14.0
2022-08-03,119835.0,25.0
2022-08-04,107821.0,34.0
2022-08-05,112793.0,46.0
2022-08-06,110598.0,44.0
2022-08-07,105435.0,27.0
2022-08-08,55226.0,28.0
2022-08-09,149833.0,40.0
2022-08-10,151706.0,50.0
2022-08-11,137136.0,58.0
2022-08-12,128634.0,57.0
2022-08-13,124515.0,66.0
2022-08-14,119508.0,57.0
2022-08-15,62032.0,50.0
2022-08-16,84076.0,37.0
2022-08-17,180728.0,42.0
2022-08-18,178479.0,61.0
2022-08-19,138741.0,82.0
2022-08-20,129333.0,83.0
2022-08-21,110886.0,64.0
2022-08-22,59006.0,64.0
2022-08-23,150182.0,52.0
2022-08-24,139269.0,63.0
2022-08-25,113329.0,107.0
2022-08-26,101094.0,81.0
2022-08-27,95553.0,85.0
2022-08-28,85212.0,69.0
2022-08-29,43100.0,48.0
2022-08-30,115592.0,71.0
2022-08-31,103901.0,75.0
2022-09-01,81543.0,110.0
2022-09-02,89536.0,63.0
2022-09-03,79698.0,74.0
2022-09-04,72099.0,77.0
2022-09-05,37519.0,55.0
2022-09-06,99793.0,43.0
2022-09-07,85486.0,54.0
2022-09-08,72612.0,64.0
2022-09-09,69376.0,67.0
2022-09-10,42677.0,47.0
2022-09-11,28186.0,47.0
2022-09-12,36911.0,21.0
2022-09-13,57271.0,34.0
2022-09-14,93945.0,60.0
2022-09-15,71436.0,70.0
2022-09-16,51837.0,58.0
2022-09-17,43422.0,56.0
2022-09-18,34728.0,46.0
2022-09-19,19378.0,39.0
2022-09-20,47879.0,24.0
2022-09-21,41251.0,57.0
2022-09-22,32986.0,58.0
2022-09-23,29083.0,68.0
2022-09-24,29324.0,63.0
2022-09-25,25757.0,72.0
2022-09-26,14149.0,33.0
2022-09-27,39391.0,26.0
2022-09-28,36119.0,45.0
2022-09-29,30845.0,46.0
2022-09-30,28484.0,41.0
2022-10-01,26942.0,38.0
2022-10-02,23572.0,44.0
2022-10-03,12141.0,20.0
2022-10-04,16412.0,19.0
2022-10-05,34716.0,16.0
2022-10-06,28632.0,28.0
2022-10-07,22279.0,41.0
2022-10-08,19419.0,31.0
2022-10-09,17645.0,29.0
2022-10-10,8968.0,23.0
2022-10-11,15460.0,10.0
2022-10-12,30509.0,15.0
2022-10-13,26925.0,25.0
2022-10-14,23571.0,36.0
2022-10-15,22824.0,24.0
2022-10-16,21453.0,32.0
2022-10-17,11021.0,10.0
2022-10-18,33215.0,5.0
2022-10-19,29485.0,42.0
2022-10-20,25365.0,23.0
2022-10-21,24725.0,29.0
2022-10-22,26890.0,22.0
2022-10-23,26233.0,16.0
2022-10-24,14296.0,10.0
2022-10-25,43734.0,16.0
2022-10-26,40811.0,25.0
2022-10-27,34969.0,26.0
2022-10-28,35912.0,30.0
2022-10-29,37307.0,31.0
2022-10-30,34490.0,28.0
2022-10-31,18500.0,17.0
2022-11-01,58354.0,31.0
2022-11-02,54729.0,30.0
2022-11-03,46874.0,41.0
2022-11-04,43430.0,34.0
2022-11-05,40887.0,40.0
2022-11-06,36658.0,18.0
2022-11-07,18661.0,18.0
2022-11-08,62258.0,29.0
2022-11-09,62459.0,58.0
2022-11-10,55343.0,51.0
2022-11-11,54495.0,40.0
2022-11-12,54303.0,45.0
2022-11-13,48442.0,48.0
2022-11-14,23747.0,43.0
2022-11-15,72859.0,39.0
2022-11-16,66562.0,46.0
2022-11-17,55410.0,67.0
2022-11-18,49391.0,60.0
2022-11-19,50559.0,64.0
2022-11-20,45994.0,41.0
2022-11-21,23072.0,35.0
2022-11-22,72852.0,43.0
2022-11-23,70295.0,53.0
2022-11-24,59063.0,59.0
2022-11-25,53681.0,53.0
2022-11-26,52773.0,51.0
2022-11-27,47006.0,39.0
2022-11-28,22311.0,44.0
2022-11-29,71460.0,41.0
2022-11-30,67390.0,51.0
2022-12-01,57055.0,62.0
2022-12-02,52970.0,52.0
2022-12-03,52847.0,48.0
2022-12-04,46544.0,60.0
2022-12-05,23150.0,39.0
2022-12-06,77582.0,22.0
2022-12-07,74692.0,54.0
2022-12-08,65231.0,61.0
2022-12-09,62710.0,67.0
2022-12-10,62719.0,54.0
2022-12-11,54293.0,40.0
2022-12-12,25653.0,30.0
2022-12-13,86819.0,29.0
2022-12-14,84546.0,44.0
2022-12-15,70139.0,58.0
2022-12-16,66930.0,66.0
2022-12-17,66904.0,54.0
2022-12-18,58833.0,41.0
2022-12-19,26608.0,37.0
2022-12-20,87521.0,56.0
2022-12-21,88143.0,56.0
2022-12-22,75716.0,61.0
2022-12-23,68141.0,62.0
2022-12-24,66182.0,69.0
2022-12-25,58402.0,45.0
2022-12-26,25523.0,42.0
2022-12-27,87573.0,48.0
2022-12-28,87480.0,69.0
2022-12-29,71392.0,75.0
2022-12-30,65194.0,68.0
2022-12-31,63086.0,61.0
2023-01-01,57492.0,63.0
2023-01-02,22720.0,53.0
2023-01-03,81027.0,29.0
2023-01-04,78540.0,53.0
2023-01-05,64075.0,64.0
2023-01-06,56920.0,73.0
2023-01-07,53770.0,60.0
2023-01-08,46737.0,33.0
2023-01-09,19081.0,35.0
2023-01-10,60019.0,44.0
2023-01-11,54315.0,75.0
2023-01-12,43919.0,70.0
2023-01-13,39700.0,49.0
2023-01-14,36676.0,45.0
2023-01-15,32549.0,36.0
2023-01-16,14127.0,34.0
2023-01-17,40169.0,30.0
2023-01-18,36883.0,42.0
2023-01-19,29800.0,47.0
2023-01-20,27375.0,30.0
2023-01-21,27637.0,51.0
2023-01-22,16612.0,24.0
2023-01-23,9210.0,26.0
2023-01-24,12247.0,10.0
2023-01-25,19521.0,25.0
2023-01-26,35071.0,25.0
2023-01-27,31695.0,36.0
2023-01-28,23590.0,29.0
2023-01-29,18861.0,29.0
2023-01-30,7411.0,30.0
2023-01-31,19611.0,24.0
2023-02-01,20412.0,41.0
2023-02-02,16849.0,36.0
2023-02-03,14951.0,30.0
2023-02-04,14612.0,22.0
2023-02-05,14004.0,22.0
2023-02-06,5847.0,16.0
2023-02-07,16109.0,10.0
2023-02-08,17920.0,22.0
2023-02-09,14658.0,34.0
2023-02-10,13497.0,17.0
2023-02-11,12799.0,16.0
2023-02-12,12038.0,23.0
2023-02-13,5166.0,11.0
2023-02-14,14361.0,11.0
2023-02-15,14948.0,24.0
2023-02-16,12511.0,22.0
2023-02-17,11430.0,27.0
2023-02-18,10714.0,12.0
2023-02-19,10268.0,12.0
2023-02-20,4316.0,9.0
2023-02-21,11867.0,8.0
2023-02-22,13067.0,14.0
2023-02-23,10839.0,22.0
2023-02-24,10037.0,20.0
2023-02-25,10050.0,11.0
2023-02-26,9204.0,6.0
2023-02-27,4016.0,15.0
2023-02-28,10807.0,16.0
2023-03-01,12286.0,11.0
2023-03-02,7547.0,15.0
2023-03-03,10403.0,11.0
2023-03-04,11241.0,6.0
2023-03-05,9807.0,5.0
2023-03-06,4293.0,9.0
2023-03-07,12272.0,15.0
2023-03-08,12787.0,12.0
2023-03-09,10881.0,20.0
2023-03-10,10327.0,12.0
2023-03-11,9999.0,3.0
2023-03-12,9331.0,7.0
2023-03-13,4196.0,12.0
2023-03-14,11397.0,6.0
2023-03-15,11892.0,10.0
2023-03-16,9928.0,17.0
2023-03-17,9061.0,7.0
2023-03-18,9246.0,4.0
2023-03-19,8800.0,3.0
2023-03-20,3924.0,9.0
2023-03-21,12009.0,7.0
2023-03-22,13071.0,9.0
2023-03-23,11395.0,14.0
2023-03-24,10275.0,10.0
2023-03-25,10446.0,6.0
2023-03-26,9354.0,3.0
2023-03-27,4199.0,3.0
2023-03-28,12122.0,8.0
2023-03-29,13127.0,14.0
2023-03-30,11028.0,10.0
2023-03-31,10358.0,10.0
2023-04-01,10515.0,5.0
2023-04-02,9686.0,4.0
2023-04-03,4348.0,7.0
2023-04-04,13363.0,8.0
2023-04-05,14454.0,7.0
2023-04-06,12071.0,12.0
2023-04-07,10724.0,9.0
2023-04-08,10360.0,4.0
2023-04-09,9538.0,2.0
2023-04-10,3995.0,8.0
2023-04-11,12436.0,9.0
2023-04-12,13917.0,14.0
2023-04-13,11589.0,5.0
2023-04-14,11661.0,5.0
2023-04-15,11674.0,2.0
2023-04-16,10182.0,4.0
2023-04-17,4936.0,4.0
2023-04-18,15163.0,10.0
2023-04-19,16495.0,6.0
2023-04-20,14084.0,9.0
2023-04-21,13588.0,7.0
2023-04-22,13789.0,5.0
2023-04-23,11821.0,5.0
2023-04-24,5020.0,8.0
2023-04-25,14809.0,6.0
2023-04-26,16378.0,15.0
2023-04-27,14272.0,11.0
2023-04-28,13778.0,10.0
2023-04-29,14807.0,3.0
2023-04-30,13610.0,5.0
2023-05-01,5771.0,8.0
2023-05-02,15729.0,10.0
2023-05-03,20190.0,8.0
2023-05-04,20139.0,7.0
2023-05-05,18738.0,6.0
2023-05-06,11787.0,2.0
2023-05-07,14734.0,6.0
2023-05-08,8154.0,7.0
2023-05-09,21674.0,14.0
2023-05-10,23513.0,21.0
2023-05-11,20567.0,11.0
2023-05-12,19983.0,8.0
2023-05-13,19341.0,6.0
2023-05-14,17382.0,6.0
2023-05-15,7173.0,6.0
2023-05-16,23670.0,13.0
2023-05-17,26127.0,11.0
2023-05-18,21783.0,18.0
2023-05-19,19576.0,13.0
2023-05-20,18098.0,5.0
2023-05-21,16802.0,5.0
2023-05-22,6794.0,12.0
2023-05-23,21376.0,15.0
2023-05-24,22950.0,17.0
2023-05-25,19070.0,17.0
2023-05-26,17925.0,15.0
2023-05-27,17792.0,3.0
2023-05-28,11724.0,2.0
2023-05-29,6863.0,3.0
2023-05-30,13517.0,7.0
2023-05-31,24405.0,17.0
2023-06-01,24598.0,18.0
2023-06-02,19718.0,11.0
2023-06-03,18736.0,9.0
2023-06-04,16171.0,1.0
2023-06-05,6945.0,2.0
2023-06-06,19506.0,4.0
2023-06-07,15154.0,4.0
2023-06-08,20448.0,20.0
2023-06-09,21211.0,20.0
2023-06-10,17764.0,5.0
2023-06-11,16001.0,8.0
2023-06-12,4977.0,4.0
2023-06-13,20804.0,14.0
2023-06-14,20709.0,13.0
2023-06-15,17418.0,16.0
2023-06-16,16485.0,11.0
2023-06-17,16747.0,4.0
2023-06-18,15316.0,3.0
2023-06-19,6375.0,4.0
2023-06-20,19734.0,4.0
2023-06-21,20961.0,13.0
2023-06-22,17131.0,14.0
2023-06-23,16246.0,10.0
2023-06-24,16413.0,6.0
2023-06-25,16062.0,5.0
2023-06-26,6592.0,4.0
2023-06-27,20847.0,10.0
2023-06-28,21533.0,13.0
2023-06-29,19297.0,11.0
2023-06-30,18877.0,11.0
2023-07-01,18882.0,3.0
2023-07-02,17590.0,2.0
2023-07-03,7513.0,3.0
2023-07-04,25660.0,3.0
2023-07-05,27434.0,11.0
2023-07-06,24356.0,12.0
2023-07-07,24767.0,7.0
2023-07-08,25672.0,3.0
2023-07-09,22566.0,2.0
2023-07-10,9255.0,2.0
2023-07-11,31224.0,4.0
2023-07-12,34118.0,10.0
2023-07-13,29347.0,13.0
2023-07-14,29556.0,4.0
2023-07-15,30870.0,5.0
2023-07-16,28420.0,5.0
2023-07-17,12114.0,4.0
2023-07-18,41993.0,3.0
2023-07-19,47028.0,6.0
2023-07-20,40856.0,10.0
2023-07-21,40897.0,14.0
2023-07-22,42497.0,7.0
2023-07-23,41573.0,7.0
2023-07-24,16778.0,7.0
2023-07-25,50813.0,9.0
2023-07-26,57216.0,18.0
2023-07-27,51239.0,23.0
2023-07-28,48069.0,16.0
2023-07-29,48196.0,6.0
2023-07-30,44749.0,14.0
2023-07-31,18379.0,10.0
2023-08-01,56096.0,9.0
2023-08-02,64148.0,17.0
2023-08-03,55453.0,18.0
2023-08-04,54713.0,17.0
2023-08-05,53111.0,12.0
2023-08-06,48885.0,14.0
2023-08-07,20241.0,11.0
2023-08-08,61377.0,18.0
2023-08-09,65696.0,23.0
2023-08-10,55874.0,25.0
2023-08-11,49335.0,28.0
2023-08-12,47840.0,17.0
2023-08-13,45729.0,14.0
2023-08-14,17226.0,20.0
2023-08-15,47110.0,6.0
2023-08-16,36961.0,16.0
2023-08-17,49848.0,21.0
2023-08-18,50920.0,22.0
2023-08-19,44053.0,21.0
2023-08-20,38974.0,22.0
2023-08-21,14564.0,20.0
2023-08-22,47384.0,22.0
2023-08-23,48161.0,14.0
2023-08-24,40815.0,17.0
2023-08-25,37504.0,24.0
2023-08-26,36886.0,13.0
2023-08-27,32967.0,23.0
2023-08-28,13149.0,12.0
2023-08-29,42998.0,21.0
2023-08-30,42586.0,24.0
2023-08-31,50464.0,76.0
